{
  "by_pipe_type": {
    "16mm Inline": 423.6388888888889,
    "16mm Online": 508.6458333333333,
    "20mm Inline": 488.62152777777777,
    "20mm Online": 550.7256944444445
  },
  "overall": 492.9079861111111
}